{
  "hakf355store": {
    "amount": 77176.16779
  },
  "huckleberry2": {
    "amount": 54970.30201
  },
  "djstrikanova": {
    "amount": 38655.47048
  },
  "gy2danzsgege": {
    "amount": 38949.23261
  },
  "narestudios1": {
    "amount": 33784.5445
  },
  "trumpcrypto1": {
    "amount": 36713.61319
  },
  "wissevw12345": {
    "amount": 45229.11235
  },
  "breekean2222": {
    "amount": 18366.02829
  },
  "cabaret31111": {
    "amount": 20398.69164
  },
  "carnationcmz": {
    "amount": 25479.61254
  },
  "cry2211sub11": {
    "amount": 22156.54606
  },
  "gsandrew2325": {
    "amount": 21061.36432
  },
  "hashedvc2121": {
    "amount": 19539.18001
  },
  "hellojambo12": {
    "amount": 20780.52948
  },
  "lawrencetori": {
    "amount": 27751.29971
  },
  "mznaeosfunds": {
    "amount": 25583.2414
  },
  "nechibubeos3": {
    "amount": 24559.17471
  },
  "bjjgray12345": {
    "amount": 13035.54662
  },
  "d1gitalon3o5": {
    "amount": 11103.10187
  },
  "dajinofgpool": {
    "amount": 10501.848
  },
  "gq4daobsguge": {
    "amount": 11568.8225
  },
  "jellesteen21": {
    "amount": 12297.00969
  },
  "moreefx4gian": {
    "amount": 11169.64109
  },
  "mrprometheus": {
    "amount": 10680.46882
  },
  "nicred.co": {
    "amount": 15996.63458
  },
  "peterm3rr13n": {
    "amount": 11482.76759
  },
  "polishhodler": {
    "amount": 11638.36623
  },
  "purpleclouds": {
    "amount": 15998.28775
  },
  "richardweals": {
    "amount": 15426.49979
  },
  "ronaldcrypto": {
    "amount": 15348.84839
  },
  "seventhwave1": {
    "amount": 16492.04442
  },
  "xrossxrosste": {
    "amount": 16713.30174
  },
  "4mont1me1111": {
    "amount": 7230.106258
  },
  "alansss11111": {
    "amount": 7744.179016
  },
  "bastiaan1234": {
    "amount": 6724.663353
  },
  "bushidomonk2": {
    "amount": 7323.686535
  },
  "cryptkeeper1": {
    "amount": 7127.452998
  },
  "djlovejuicex": {
    "amount": 6401.163682
  },
  "dsyffpw5s1go": {
    "amount": 9104.618468
  },
  "efxnfxwallet": {
    "amount": 6802.392439
  },
  "flobrand3525": {
    "amount": 10272.53427
  },
  "gi2tamzzgege": {
    "amount": 10553.6097
  },
  "hazdkmbxgene": {
    "amount": 7134.219359
  },
  "marcsaccount": {
    "amount": 6293.638343
  },
  "mcmspaan1335": {
    "amount": 6763.535461
  },
  "phyletically": {
    "amount": 9283.570265
  },
  "polishzombie": {
    "amount": 9775.42888
  },
  "suddendeath1": {
    "amount": 7828.363495
  },
  "swedespade12": {
    "amount": 9151.56929
  },
  "tropicalfish": {
    "amount": 8979.946285
  },
  "voorbestemde": {
    "amount": 10250.72443
  },
  "1yuricordova": {
    "amount": 4624.234357
  },
  "coincassocom": {
    "amount": 4799.585297
  },
  "elhoutbaraaa": {
    "amount": 4253.43034
  },
  "grimtown1111": {
    "amount": 7508.876917
  },
  "leoandthelaw": {
    "amount": 4074.133118
  },
  "mahavakyaste": {
    "amount": 5982.398085
  },
  "mikenatomike": {
    "amount": 5422.212821
  },
  "mohamed12.m": {
    "amount": 3892.322846
  },
  "mystakedefx1": {
    "amount": 4131.475136
  },
  "opsomercrypt": {
    "amount": 4078.05746
  },
  "verheullaan1": {
    "amount": 5209.664658
  },
  "vipacevipace": {
    "amount": 6227.897195
  },
  "aloufisultan": {
    "amount": 2806.183095
  },
  "anilksareen1": {
    "amount": 2872.887708
  },
  "brianbax1111": {
    "amount": 2653.466191
  },
  "coinsfp11111": {
    "amount": 3451.405254
  },
  "container135": {
    "amount": 3573.802662
  },
  "eagleeyes111": {
    "amount": 2909.406778
  },
  "ecowaynigeri": {
    "amount": 2763.090137
  },
  "eoseffectai1": {
    "amount": 2479.017105
  },
  "eostytledger": {
    "amount": 6391.586604
  },
  "extemporized": {
    "amount": 7564.956703
  },
  "gq2dqojxhege": {
    "amount": 2912.336987
  },
  "gu3dkmbsgege": {
    "amount": 2831.561901
  },
  "guztgnjyguge": {
    "amount": 3028.00942
  },
  "ha4timjugqge": {
    "amount": 2548.239808
  },
  "hawaiiangolf": {
    "amount": 2458.270403
  },
  "haydmnbygene": {
    "amount": 2460.936397
  },
  "houlmeman1ma": {
    "amount": 2776.325055
  },
  "laurenseosio": {
    "amount": 2607.661455
  },
  "marianmarius": {
    "amount": 3427.197717
  },
  "marlonmarlon": {
    "amount": 2945.041129
  },
  "mojav3saneos": {
    "amount": 3136.380877
  },
  "niekniekniek": {
    "amount": 2771.06578
  },
  "offsummer123": {
    "amount": 3514.293998
  },
  "olabuczkowsk": {
    "amount": 3797.863916
  },
  "orhlasvegas1": {
    "amount": 2664.439232
  },
  "pablozeus.tp": {
    "amount": 9086.367216
  },
  "pepsoutrufus": {
    "amount": 2488.108848
  },
  "quokkamobile": {
    "amount": 3105.060688
  },
  "raskendrills": {
    "amount": 2640.596865
  },
  "rmblockchain": {
    "amount": 5653.762266
  },
  "ruudstatucki": {
    "amount": 2609.454497
  },
  "ruudzandberg": {
    "amount": 3889.563524
  },
  "shanurrahman": {
    "amount": 2813.748563
  },
  "szutyanka111": {
    "amount": 2447.248626
  },
  "thorshammer1": {
    "amount": 3170.151421
  },
  "tomhumphries": {
    "amount": 3536.730363
  },
  "tradepilota1": {
    "amount": 2891.507693
  },
  "vctcalwallet": {
    "amount": 2581.095403
  },
  "verige331133": {
    "amount": 3686.771623
  },
  "yellow.co": {
    "amount": 2497.415174
  }
}
