{"hellojambo12":{"amount":1872.2217240333557},"agnesaccount":{"amount":2.6337748},"estebanogazo":{"amount":0.03826061077415943},"gq2dqojxhege":{"amount":0.8508104},"nicred.co":{"amount":2223.415740966797},"gsandrew2325":{"amount":1684.5706634521484},"deluccaefx13":{"amount":569.1659016609192},"carnationcmz":{"amount":594.7136306762695},"pablozeus.tp":{"amount":47.21260917186737},"gi4tgmbtgige":{"amount":2.7534353733062744},"offsummer123":{"amount":661.2336139678955},"eko332dxbmnl":{"amount":212.96159315109253},"container135":{"amount":50.33315372467041},"swedeniceman":{"amount":160.26317167282104},"cryptkeeper1":{"amount":1116.7689399719238},"boraboraxxxx":{"amount":0.3016686886548996},"eoseffectai1":{"amount":426.7779846191406},"dreammaker23":{"amount":6.184109449386597},"elhoutbaraaa":{"amount":608.6148192882538},"hakf355store":{"amount":9931.749488830566},"mrprometheus":{"amount":110.50885391235352},"antesaccount":{"amount":0.024048863},"ecowaynigeri":{"amount":225.59711265563965},"josephyoucef":{"amount":0.1578737},"d1gitalon3o5":{"amount":803.5851354598999},"shanurrahman":{"amount":70.7032241821289},"e213o213s213":{"amount":118.88536405563354},"yellow.co":{"amount":242.84926986694336},"breekean2222":{"amount":625.3860263824463},"moreefx4gian":{"amount":190.43329048156738},"suddendeath1":{"amount":915.7145428657532},"adobososa212":{"amount":1.6254201},"ha4timjugqge":{"amount":76.70482635498047},"guztgnjyguge":{"amount":528.512521982193},"schmeichel45":{"amount":21.487501},"trivmnguyen5":{"amount":0.4235429},"worker111111":{"amount":0.50797755},"of5p3x14msmx":{"amount":0.07058616},"szutyanka111":{"amount":114.47662472724915},"brevicemjay1":{"amount":1.2838253378868103},"mahavakyaste":{"amount":291.6396746635437},"elohexj11111":{"amount":107.52944660186768},"gy2danzsgege":{"amount":5093.980560302734},"shahargluska":{"amount":150.59655714035034},"iankarmaian1":{"amount":2.3126142621040344},"huckleberry2":{"amount":75.981964},"narestudios1":{"amount":4363.865936279297},"ruudzandberg":{"amount":400.0430898666382},"olabuczkowsk":{"amount":477.2986958026886},"jonathanchoy":{"amount":422.92491245269775},"tokenswapbot":{"amount":78.17379570007324},"deurleos1515":{"amount":63.36366534233093},"gu3dkmbsgege":{"amount":460.72470569610596},"mikenatomike":{"amount":621.1090469360352},"gmytomjsgige":{"amount":0.029707419},"vipacevipace":{"amount":801.551691532135},"g44damzsgqge":{"amount":0.04753187},"marcsaccount":{"amount":899.1799373626709},"hazdkmbxgene":{"amount":931.4864206314087},"marianmarius":{"amount":84.81067752838135},"anilksareen1":{"amount":672.629588842392},"gm4dgnrzhege":{"amount":165.8023076057434},"1yuricordova":{"amount":493.81993770599365},"ezyforfrnzex":{"amount":0.10635124146938324},"bushidomonk2":{"amount":756.586784362793},"estimate1111":{"amount":26.130711555480957},"dsyffpw5s1go":{"amount":935.6341133117676},"tomhumphries":{"amount":277.63254833221436},"effectai1153":{"amount":0.053160817944444716},"4mont1me1111":{"amount":261.52783966064453},"tropicalfish":{"amount":933.5373153686523},"grimtown1111":{"amount":1030.1780796051025},"cryptonode42":{"amount":119.38647365570068},"5yzapcqnkjss":{"amount":307.74914264678955},"thorshammer1":{"amount":447.65179681777954},"mirageddarin":{"amount":0.10607785731554031},"pepsoutrufus":{"amount":182.2116823196411},"polishzombie":{"amount":1268.3592567443848},"cryptokoala1":{"amount":4.042876839637756},"xrossxrosste":{"amount":2578.599718093872},"mohamed12.m":{"amount":488.75162506103516},"andeoswallet":{"amount":1.4542136},"elbigyuyo123":{"amount":0.005476297810673714},"aypdvdwjazop":{"amount":397.25445652008057},"sancrypto.tp":{"amount":52.148952},"gi2tamzzgege":{"amount":2889.7455711364746},"swedespade12":{"amount":445.6737575531006},"niekniekniek":{"amount":90.56000518798828},"tanewifferen":{"amount":165.4128532409668},"verheullaan1":{"amount":29.92027473449707},"hawaiiangolf":{"amount":177.98886919021606},"miggysmallz1":{"amount":0.01606437750160694},"efxnfxwallet":{"amount":903.2781848907471},"trekperience":{"amount":0.097610086},"hashedvc2121":{"amount":1881.2438697814941},"vctcalwallet":{"amount":324.1359796524048},"almostthere2":{"amount":2.7136416},"stephan11111":{"amount":15.619233131408691},"verige331133":{"amount":409.7167053222656},"eos11alchemy":{"amount":3.422686219215393},"avecesare255":{"amount":0.035083044},"ronaldcrypto":{"amount":1965.5045700073242},"xcryptonitax":{"amount":1.2527031302452087},"mznaeosfunds":{"amount":2271.7043628692627},"bjjgray12345":{"amount":967.7650184631348},"rochelle.ai":{"amount":8.313644409179688},"marlonmarlon":{"amount":27.235270261764526},"stephtv.xyz":{"amount":249.5803484916687},"flawlessvic1":{"amount":0.4371410012245178},"rensdeweert2":{"amount":75.78850746154785},"djstrikanova":{"amount":7352.983642578125},"splottingham":{"amount":0.63800216},"laurenseosio":{"amount":127.23496794700623},"eagleeyes111":{"amount":1.3568208},"leoandthelaw":{"amount":292.7047061920166},"richardweals":{"amount":2059.689790725708},"purpleclouds":{"amount":2091.6260414123535},"lynxstellify":{"amount":7.187040090560913},"peterm3rr13n":{"amount":1517.1675815582275},"voorbestemde":{"amount":1804.088695526123},"alansss11111":{"amount":1135.1073741912842},"seventhwave1":{"amount":1420.8353862762451},"eostytledger":{"amount":522.2017288208008},"dajinofgpool":{"amount":468.2696590423584},"raskendrills":{"amount":302.28051948547363},"dzeividz..tp":{"amount":0.05262457},"orhlasvegas1":{"amount":213.29766845703125},"mcmspaan1335":{"amount":1143.3635120391846},"houlmeman1ma":{"amount":696.8719220161438},"sw35xvedt5dd":{"amount":1640.6038947105408},"phyletically":{"amount":1041.827422618866},"flobrand3525":{"amount":1397.3046894073486},"johnatboid11":{"amount":269.4600570201874},"buddhaman111":{"amount":125.99842834472656},"mystakedefx1":{"amount":607.0770587921143},"wissevw12345":{"amount":850.193359375},"cabaret31111":{"amount":95.1259994506836},"indigoluv.tp":{"amount":0.04381038248538971},"gurdeepeos11":{"amount":2.1877809166908264},"trumpcrypto1":{"amount":4948.316299438477},"dreamchaser5":{"amount":2.4218926429748535},"pursang13you":{"amount":0.013599615544080734},"nechibubeos3":{"amount":2696.5014324188232},"tomledger111":{"amount":130.64798212051392},"extemporized":{"amount":34.140971302986145},"djlovejuicex":{"amount":131.21762990951538},"nishanshetty":{"amount":0.008844948},"cry2211sub11":{"amount":2625.4089374542236},"jellesteen21":{"amount":875.5180568695068},"gq3dsnbugage":{"amount":77.93602705001831},"ruudstatucki":{"amount":297.7722706794739},"kevinwallet2":{"amount":0.31529638},"brianbax1111":{"amount":221.67470264434814},"bastiaan1234":{"amount":675.1846694946289},"scarletalpha":{"amount":384.2977714538574},"polishhodler":{"amount":118.1214656829834},"coincassocom":{"amount":554.3599309921265},"raifandgo.tp":{"amount":0.12256399542093277},"rmblockchain":{"amount":384.2300510406494},"holgerwalter":{"amount":1.4115157723426819},"akshayraoch1":{"amount":0.0050927}}